{
    "Discrete": [
        0.6984880735968292,
        0.15940827660542722
    ],
    "Logistic": [
        0.18600625515304461,
        -1.014350351225743,
        0.8959177738116907,
        -0.13543920674026394
    ],
    "Gaussian": [
        0.008483647722172583,
        1.3126819342781082,
        1.2429380268601595,
        -0.4309760060975239
    ],
    "Fourier": [
        0.7444432795564512,
        -1.5149972033399495,
        0.19540618342675056,
        0.13150688684393536,
        0.1335263744204445,
        0.012166478516359741,
        -0.08322693320516877,
        -0.1738352051741991
    ]
}