{
    "Discrete": [
        0.8415095299257886,
        0.07550552023994551
    ],
    "Logistic": [
        0.4248162271318767,
        1.2233825178921518,
        0.5210188936785038,
        -0.8464833098821307
    ],
    "Gaussian": [
        0.028926447558400653,
        0.12204509392256693,
        -0.24152296274271207,
        0.13743838547202777
    ],
    "Fourier": [
        0.0327452830912382,
        -0.4664270719396944,
        -0.7281987075662041,
        0.021275903197394974,
        -0.6258774827109054,
        -0.4456679836309062,
        0.7142276728386727,
        -0.6063953234278633,
        0.178634116710278,
        -0.059051195953566726,
        0.8381095876984412,
        1.1529552794739082,
        0.17638901437116347,
        -0.17780706715247763,
        -0.2698150484816679,
        0.24286955729982912,
        0.3987343144021074,
        0.7527468214370433,
        -0.7383432200100943,
        -0.6090537118726247
    ]
}