{"BEST": [[0.5413489719078057, 0.7000705072002182], [0.5413489719078057, 0.7000705072002182], [0.5413489719078057, 0.7000705072002182], [0.5413489719078057, 0.7000705072002182], [0.5413489719078057, 0.7000705072002182]], "REWARDS": [[0.8816176470588235, 0.915359477124183, 0.9541666666666668], [0.8839285714285715, 0.8, 0.8161764705882353], [0.925, 0.8272058823529411, 0.7150490196078432], [0.8639705882352942, 0.9011764705882352, 0.9375], [0.8183823529411764, 0.85, 0.8411764705882352]]}