{"BEST": [[0.7035910592717143, 0.08714719896612129, 0.4289362944664662, -1.011176833439044], [1.004040381213785, 0.18055342180287984, 0.23362406269563205, -0.5652593398321535], [0.4248162271318767, 1.2233825178921518, 0.5210188936785038, -0.8464833098821307]], "REWARDS": [[0.8125, 0.7604166666666667, 0.8020833333333333, 0.7326388888888888], [0.7628676470588236, 0.7862745098039217, 0.7849264705882353, 0.8161764705882353], [0.7604166666666667, 0.75, 0.875, 0.9411764705882353]]}