{"BEST": [[0.32357158211595727, 0.24379257917829583, -0.26688401841779186, 0.4900905620567764], [0.32357158211595727, 0.24379257917829583, -0.26688401841779186, 0.4900905620567764], [0.0992269189927355, -0.15583671312336955, 0.25670318067196285, 0.2970014123880055], [0.13764485208814997, -0.007421140091387585, -0.018863663926016405, -0.08730573775260636], [0.13764485208814997, -0.007421140091387585, -0.018863663926016405, -0.08730573775260636]], "REWARDS": [[0.0, 0.0, 0.0], [0.0, 0.0, 0.0], [0.0, 0.0, 0.0], [0.0, 0.0, 0.0], [0.0, 0.0, 0.0]]}