{"BEST": [[0.11680675885548099, 0.7083520907247889, -0.2768663638139267, 0.7094298238427906], [0.9168515427941046, 0.4008576050348667, -1.3469922286818052, 0.7349114708412479], [0.6599503280009538, -0.37649172239331563, -0.7976000506173739, -0.12267748223486108], [0.6599503280009538, -0.37649172239331563, -0.7976000506173739, -0.12267748223486108], [0.6599503280009538, -0.37649172239331563, -0.7976000506173739, -0.12267748223486108], [0.6599503280009538, -0.37649172239331563, -0.7976000506173739, -0.12267748223486108], [0.6599503280009538, -0.37649172239331563, -0.7976000506173739, -0.12267748223486108], [0.6599503280009538, -0.37649172239331563, -0.7976000506173739, -0.12267748223486108], [0.6599503280009538, -0.37649172239331563, -0.7976000506173739, -0.12267748223486108], [0.6599503280009538, -0.37649172239331563, -0.7976000506173739, -0.12267748223486108], [0.6599503280009538, -0.37649172239331563, -0.7976000506173739, -0.12267748223486108], [0.6599503280009538, -0.37649172239331563, -0.7976000506173739, -0.12267748223486108], [1.4928959213908888, 1.250292208771093, -1.1535182099873493, -0.5574209804743578], [1.4928959213908888, 1.250292208771093, -1.1535182099873493, -0.5574209804743578], [1.4928959213908888, 1.250292208771093, -1.1535182099873493, -0.5574209804743578], [1.4928959213908888, 1.250292208771093, -1.1535182099873493, -0.5574209804743578], [1.4928959213908888, 1.250292208771093, -1.1535182099873493, -0.5574209804743578], [1.4928959213908888, 1.250292208771093, -1.1535182099873493, -0.5574209804743578]], "REWARDS": [[0.7655874048337283, 0.8322610294117647, 0.7690972222222222, 0.7827308006535948, 0.8335069444444445, 0.8330882352941177, 0.7973345588235294, 0.8536458333333333, 0.832516339869281, 0.9086572128851541, 0.8290339052287582, 0.7876838235294117, 0.859375, 0.754953022875817, 0.8863664215686274, 0.8484375], [0.8692883403361344, 0.8338541666666667, 0.7899816176470589, 0.7931985294117647, 0.8713235294117647, 0.9011948529411765, 0.8681066176470589, 0.9232536764705882, 0.8653594771241829, 0.8614583333333334, 0.7311989379084968, 0.8816964285714286, 0.890625, 0.8832107843137256, 0.8515625, 0.9208333333333334], [0.8704044117647058, 0.8744791666666667, 0.8252917833800186, 0.848345588235294, 0.8671875, 0.8897569444444444, 0.9554227941176471, 0.8504464285714286, 0.8863255718954248, 0.3791360294117647, 0.7215073529411764, 0.859375, 0.8550347222222222, 0.8230698529411764, 0.8452380952380953, 0.8962053571428572], [0.8380208333333333, 0.8746936274509804, 0.8364583333333333, 0.8407402544351074, 0.8090277777777778, 0.7727430555555556, 0.840328839869281, 0.8469012605042017, 0.8933823529411764, 0.9410232843137255, 0.8174938725490196, 0.8347120098039216, 0.8172896241830065, 0.8855085784313725, 0.8319331097823744, 0.853860294117647], [0.7640420751633987, 0.8729166666666667, 0.9632352941176471, 0.8419117647058824, 0.9682291666666667, 0.7849264705882353, 0.8793402777777778, 0.8071486928104575, 0.8953125, 0.846047794117647, 0.8263888888888888, 0.8742822128851541, 0.9232172035480859, 0.8407883986928104, 0.850030637254902, 0.7266135620915033], [0.8529411764705882, 0.875, 0.8455882352941176, 0.8519097222222223, 0.8182291666666667, 0.8707107843137255, 0.9324448529411764, 0.8697916666666667, 0.8313419117647058, 0.8438244047619048, 0.8019607843137255, 0.7419073879551821, 0.8281556372549019, 0.8293811274509804, 0.8401435574229692, 0.9309027777777777], [0.9080929487179488, 0.8152573529411764, 0.9052083333333334, 0.875, 0.8417075163398693, 0.8381331699346405, 0.8239889705882353, 0.8902165032679739, 0.8780637254901961, 0.9016544117647058, 0.921875, 0.8407883986928104, 0.8837316176470589, 0.7761948529411764, 0.8589665032679739, 0.7764093137254902], [0.8003472222222222, 0.7945772058823529, 0.889093137254902, 0.875, 0.7684334150326797, 0.8899466036414565, 0.8076899509803921, 0.8515625, 0.8046875, 0.9453125, 0.8171875, 0.9154411764705882, 0.931985294117647, 0.7833508403361344, 0.9157986111111112, 0.8582005718954249], [0.8079044117647058, 0.8241830065359477, 0.8582589285714286, 0.8863357843137255, 0.8199857026143791, 0.7725183823529411, 0.8637079831932772, 0.890625, 0.8612132352941176, 0.8419117647058822, 0.8993566176470589, 0.7999693627450981, 0.8837316176470589, 0.772671568627451, 0.90625, 0.9016544117647058], [0.8116319444444444, 0.7491319444444444, 0.8599950396825397, 0.8502191742081449, 0.8192912581699346, 0.8104166666666667, 0.7775122549019609, 0.8324652777777778, 0.9508928571428572, 0.8247549019607843, 0.8506433823529411, 0.9012152777777778, 0.8342524509803921, 0.6236213235294118, 0.8480902777777778, 0.8534007352941176], [0.8919424019607843, 0.8555453431372549, 0.7616319444444445, 0.7786458333333333, 0.8729166666666667, 0.9249897875816994, 0.7946078431372549, 0.8793402777777778, 0.8611519607843138, 0.8590175653594772, 0.78125, 0.8159722222222222, 0.8477839052287581, 0.8668811274509804, 0.7838541666666667, 0.9154411764705882], [0.9140625, 0.8163953081232493, 0.8072916666666667, 0.8120098039215686, 0.890625, 0.9310661764705882, 0.875, 0.8960084033613445, 0.9397977941176471, 0.810968137254902, 0.9034970238095239, 0.8993566176470589, 0.9057291666666667, 0.8582589285714286, 0.8397233893557423, 0.8621323529411765], [0.7959558823529411, 0.8671875, 0.9088541666666667, 0.7699142156862745, 0.8142361111111112, 0.9389880952380953, 0.9036458333333333, 0.8567708333333333, 0.9681678921568628, 0.90625, 0.8327205882352942, 0.8490093954248366, 0.9333639705882353, 0.8924121732026143, 0.787530637254902, 0.8859272875816993], [0.8400735294117647, 0.7769097222222222, 0.8541666666666667, 0.8147365196078431, 0.8169934640522876, 0.8845894607843137, 0.8890625, 0.7946589052287583, 0.7316176470588236, 0.8577628968253967, 0.8133012820512822, 0.9197916666666667, 0.8696589052287582, 0.861016281512605, 0.7890625, 0.890625], [0.9701286764705882, 0.7715277777777778, 0.9083231209150326, 0.7544248949579833, 0.8779309640522877, 0.8060968137254901, 0.8655433006535947, 0.9192708333333333, 0.8355654761904762, 0.943999474789916, 0.8654076213818861, 0.816125408496732, 0.8723856209150327, 0.7820378151260505, 0.9044471153846154, 0.7881433823529411], [0.8829146241830066, 0.7983455882352941, 0.8427579365079365, 0.8597120098039215, 0.8048611111111111, 0.9260110294117647, 0.8751531862745098, 0.8585069444444444, 0.8336601307189543, 0.8646854575163399, 0.8984375, 0.9375, 0.9310661764705882, 0.8753982843137256, 0.9057291666666667, 0.9540441176470589], [0.8832720588235294, 0.7030433006535948, 0.8973214285714286, 0.841125408496732, 0.9296875, 0.8630514705882353, 0.8566176470588236, 0.8421262254901961, 0.8338541666666667, 0.8529411764705882, 0.8436887254901961, 0.8713235294117647, 0.8331144957983194, 0.8379391339869281, 0.7831801470588236, 0.8594260620915033], [0.8725388071895425, 0.8855085784313725, 0.823468137254902, 0.8555759803921569, 0.8484375, 0.875, 0.7523999183006536, 0.8888888888888888, 0.8998161764705882, 0.8658496732026144, 0.8841299019607842, 0.9079861111111112, 0.8029513888888888, 0.9097222222222222, 0.9076286764705882, 0.8950721153846154]]}