{"BEST": [[0.26600636575052944, -0.10669866461494046, 0.0698058060418455, 0.6447808168797653, -0.23607504567370427, -0.2993221325413484, 0.6761599499592305, -0.649684470384929, -0.2276803087156513, -0.4498316082509339, 0.7117906283717553, 0.2583651851632264, 0.5989849996519705, -0.14727053636671172, -0.13713594238193566, -0.6564516430974777, -0.16733579496876647, 0.564010843051031, 0.29106603606716713, -0.0033813674557742947], [0.0327452830912382, -0.4664270719396944, -0.7281987075662041, 0.021275903197394974, -0.6258774827109054, -0.4456679836309062, 0.7142276728386727, -0.6063953234278633, 0.178634116710278, -0.059051195953566726, 0.8381095876984412, 1.1529552794739082, 0.17638901437116347, -0.17780706715247763, -0.2698150484816679, 0.24286955729982912, 0.3987343144021074, 0.7527468214370433, -0.7383432200100943, -0.6090537118726247], [0.0327452830912382, -0.4664270719396944, -0.7281987075662041, 0.021275903197394974, -0.6258774827109054, -0.4456679836309062, 0.7142276728386727, -0.6063953234278633, 0.178634116710278, -0.059051195953566726, 0.8381095876984412, 1.1529552794739082, 0.17638901437116347, -0.17780706715247763, -0.2698150484816679, 0.24286955729982912, 0.3987343144021074, 0.7527468214370433, -0.7383432200100943, -0.6090537118726247]], "REWARDS": [[0.5357142857142857, 0.59375, 0.5477941176470589, 0.6290849673202614], [0.40625, 0.4375, 0.5202205882352942, 0.7830882352941176], [0.592436974789916, 0.4540441176470588, 0.42463235294117646, 0.5588235294117647]]}