{"BEST": [[0.8415095299257886, 0.07550552023994551], [0.8415095299257886, 0.07550552023994551], [0.8415095299257886, 0.07550552023994551]], "REWARDS": [[1.0, 0.8263888888888888, 0.90625, 0.9375], [0.9393382352941176, 0.84375, 1.0, 0.84375], [0.875, 0.8235294117647058, 0.875, 0.7316176470588236]]}