{
    "BEST": [
        [
            0.18919167339549925,
            0.10031985360092634
        ],
        [
            0.6732526497120992,
            0.8110670189778997
        ],
        [
            0.07413550671317631,
            0.5490544738965599
        ],
        [
            0.07413550671317631,
            0.5490544738965599
        ],
        [
            0.07413550671317631,
            0.5490544738965599
        ],
        [
            0.07413550671317631,
            0.5490544738965599
        ],
        [
            0.07413550671317631,
            0.5490544738965599
        ],
        [
            0.07413550671317631,
            0.5490544738965599
        ],
        [
            0.07413550671317631,
            0.5490544738965599
        ],
        [
            0.07413550671317631,
            0.5490544738965599
        ],
        [
            0.07413550671317631,
            0.5490544738965599
        ],
        [
            0.07413550671317631,
            0.5490544738965599
        ],
        [
            0.6984880735968292,
            0.15940827660542722
        ],
        [
            0.6984880735968292,
            0.15940827660542722
        ],
        [
            0.6984880735968292,
            0.15940827660542722
        ],
        [
            0.6984880735968292,
            0.15940827660542722
        ],
        [
            0.6984880735968292,
            0.15940827660542722
        ],
        [
            0.6984880735968292,
            0.15940827660542722
        ],
        [
            0.6984880735968292,
            0.15940827660542722
        ],
        [
            0.6984880735968292,
            0.15940827660542722
        ]
    ],
    "REWARDS": [
        [
            0.8537843137254904,
            0.8789901960784314,
            0.8562320261437908,
            0.9036633986928105,
            0.8985098039215685,
            0.8922605042016807,
            0.8488725490196078,
            0.8874738562091504,
            0.8301190476190476,
            0.8504892623716154
        ],
        [
            0.8759262371615313,
            0.8855032679738563,
            0.8362161531279179,
            0.9234500466853407,
            0.8709967320261438,
            0.8806713352007469,
            0.8460915032679739,
            0.8611764705882353,
            0.865014005602241,
            0.8711904761904762
        ],
        [
            0.8481666666666667,
            0.847921568627451,
            0.8449313725490196,
            0.8516633986928105,
            0.924858543417367,
            0.8741167133520075,
            0.8546746031746032,
            0.872155929038282,
            0.8223594771241829,
            0.8422712418300654
        ],
        [
            0.8791923436041083,
            0.8912908496732027,
            0.8823823529411764,
            0.8565098039215687,
            0.8412745098039216,
            0.8486143790849673,
            0.9216960784313726,
            0.8536265172735762,
            0.8919084967320262,
            0.8361143790849672
        ],
        [
            0.8523529411764705,
            0.8591666666666667,
            0.8818398692810459,
            0.8248790849673202,
            0.9012908496732027,
            0.8917320261437909,
            0.8123015873015872,
            0.8727007469654527,
            0.8495261437908497,
            0.850486928104575
        ],
        [
            0.853186274509804,
            0.8349719887955181,
            0.8904705882352941,
            0.8717254901960785,
            0.8805980392156862,
            0.8888054298642534,
            0.8381470588235294,
            0.888796451914099,
            0.8584901960784314,
            0.8894673202614379
        ],
        [
            0.8852254901960785,
            0.8547936507936508,
            0.8956372549019608,
            0.8722605042016807,
            0.877281045751634,
            0.8573627450980393,
            0.884108776844071,
            0.8744621848739496,
            0.8921853408029878,
            0.890529411764706
        ],
        [
            0.8722997198879553,
            0.9130555555555556,
            0.9149411764705883,
            0.8825056022408964,
            0.8663431372549019,
            0.8984154995331466,
            0.8948300653594771,
            0.8946830065359477,
            0.8665709617180206,
            0.8743594771241829
        ],
        [
            0.8783520074696544,
            0.8823739495798318,
            0.8849491129785249,
            0.8851568627450979,
            0.8493258636788049,
            0.8721909430438842,
            0.878578431372549,
            0.8776984126984126,
            0.8582843137254903,
            0.8800056022408964
        ],
        [
            0.86390522875817,
            0.9000396825396826,
            0.8684215686274509,
            0.8499150326797386,
            0.8657578108166344,
            0.8982156862745098,
            0.8591013071895425,
            0.8898193277310924,
            0.8918267973856209,
            0.8838856209150328
        ],
        [
            0.8763823529411765,
            0.8853431372549019,
            0.8780252100840336,
            0.868735294117647,
            0.8753627450980391,
            0.8610863678804854,
            0.8805882352941177,
            0.8979108309990663,
            0.8889705882352942,
            0.8497908496732027
        ],
        [
            0.8551405228758171,
            0.8899509803921569,
            0.864343137254902,
            0.862235294117647,
            0.9082119514472455,
            0.8763202614379085,
            0.8179875026933852,
            0.8588398692810457,
            0.8491274509803921,
            0.8758646125116712
        ],
        [
            0.8455336134453781,
            0.8508193277310925,
            0.876186274509804,
            0.8485945198592258,
            0.9345882352941177,
            0.8659150326797387,
            0.8953366013071896,
            0.8765840336134454,
            0.8997908496732027,
            0.8592899159663867
        ],
        [
            0.8995448179271709,
            0.8687908496732026,
            0.9009248366013073,
            0.8932040149393091,
            0.854470588235294,
            0.8809948646125116,
            0.919421568627451,
            0.8655980392156861,
            0.8744738562091503,
            0.9236036414565825
        ],
        [
            0.8709243697478992,
            0.8990130718954248,
            0.8752745098039216,
            0.8312478991596639,
            0.8737418300653595,
            0.8958137254901962,
            0.8974019607843137,
            0.8969411764705881,
            0.8649019607843138,
            0.9031699346405229
        ],
        [
            0.9100326797385621,
            0.8634337068160599,
            0.8849509803921569,
            0.9068562091503267,
            0.846421568627451,
            0.8914705882352942,
            0.9105000000000001,
            0.8830887021475258,
            0.8925779645191411,
            0.8609822595704949
        ],
        [
            0.867968720821662,
            0.9288446455505279,
            0.8772997198879553,
            0.8669607843137254,
            0.8737745098039216,
            0.8813053221288516,
            0.9015915032679739,
            0.8791083099906629,
            0.9154215686274508,
            0.871988436400201
        ],
        [
            0.8869738562091505,
            0.87,
            0.8809719887955183,
            0.8913225957049487,
            0.8894117647058821,
            0.8757287581699346,
            0.8689075630252101,
            0.8513888888888889,
            0.8532012138188609,
            0.8797026143790849
        ],
        [
            0.8957712418300653,
            0.8827441643323997,
            0.8512091503267973,
            0.8779411764705882,
            0.9003594771241831,
