{"BEST": [[0.7981261284440575, -0.1571663245780961, 0.15015778157016524, 1.1321958732859605, -0.43499120743104985, -0.0264908094203067, -0.45105850489976484, -0.24247449506386204, 0.6107506750229844, -0.4454420148782175, 0.2576013056537057, -0.4085721274043394, 0.4970255181563501, 0.2647045255557746, -0.12293309524100267, -0.4282372717345039, -0.2743643452721802, 0.6999423067326421, 1.2954546141749839, -0.8732024758389262], [0.7981261284440575, -0.1571663245780961, 0.15015778157016524, 1.1321958732859605, -0.43499120743104985, -0.0264908094203067, -0.45105850489976484, -0.24247449506386204, 0.6107506750229844, -0.4454420148782175, 0.2576013056537057, -0.4085721274043394, 0.4970255181563501, 0.2647045255557746, -0.12293309524100267, -0.4282372717345039, -0.2743643452721802, 0.6999423067326421, 1.2954546141749839, -0.8732024758389262], [0.7981261284440575, -0.1571663245780961, 0.15015778157016524, 1.1321958732859605, -0.43499120743104985, -0.0264908094203067, -0.45105850489976484, -0.24247449506386204, 0.6107506750229844, -0.4454420148782175, 0.2576013056537057, -0.4085721274043394, 0.4970255181563501, 0.2647045255557746, -0.12293309524100267, -0.4282372717345039, -0.2743643452721802, 0.6999423067326421, 1.2954546141749839, -0.8732024758389262], [0.7981261284440575, -0.1571663245780961, 0.15015778157016524, 1.1321958732859605, -0.43499120743104985, -0.0264908094203067, -0.45105850489976484, -0.24247449506386204, 0.6107506750229844, -0.4454420148782175, 0.2576013056537057, -0.4085721274043394, 0.4970255181563501, 0.2647045255557746, -0.12293309524100267, -0.4282372717345039, -0.2743643452721802, 0.6999423067326421, 1.2954546141749839, -0.8732024758389262], [0.7981261284440575, -0.1571663245780961, 0.15015778157016524, 1.1321958732859605, -0.43499120743104985, -0.0264908094203067, -0.45105850489976484, -0.24247449506386204, 0.6107506750229844, -0.4454420148782175, 0.2576013056537057, -0.4085721274043394, 0.4970255181563501, 0.2647045255557746, -0.12293309524100267, -0.4282372717345039, -0.2743643452721802, 0.6999423067326421, 1.2954546141749839, -0.8732024758389262]], "REWARDS": [[0.725, 0.5718253968253968, 0.7941176470588236], [0.5625, 0.7801470588235294, 0.19975490196078433], [0.2777310924369748, 0.2933823529411764, 0.16749999999999998], [0.175, 0.2, 0.12857142857142856], [0.22308823529411764, 0.22205882352941178, 0.46911764705882353]]}