{"BEST": [[0.7915306011249885, 0.4374446666227431, 0.32935335305130226, -0.3333725403373055], [0.6513719849289794, 0.87162066931389, 0.5441697752173115, -0.6993853485892269], [0.10775499461298321, 0.729902845198629, 0.40534225074326646, -1.0001507832183227], [0.10775499461298321, 0.729902845198629, 0.40534225074326646, -1.0001507832183227], [0.10775499461298321, 0.729902845198629, 0.40534225074326646, -1.0001507832183227]], "REWARDS": [[0.7933823529411764, 0.8777777777777779, 0.8660947712418301], [0.9048039215686275, 0.818888888888889, 0.85], [0.773611111111111, 0.9519444444444444, 0.9491666666666667], [0.867483660130719, 0.7849673202614378, 0.9513725490196079], [0.792763772175537, 0.7986928104575164, 0.9257352941176471]]}