{"BEST": [[0.028926447558400653, 0.12204509392256693, -0.24152296274271207, 0.13743838547202777], [0.028926447558400653, 0.12204509392256693, -0.24152296274271207, 0.13743838547202777], [0.028926447558400653, 0.12204509392256693, -0.24152296274271207, 0.13743838547202777]], "REWARDS": [[0.84375, 0.78125, 0.8125, 0.772875816993464], [0.7647058823529411, 0.8125, 0.84375, 0.8198529411764706], [0.8125, 0.7849264705882353, 0.78125, 0.7352941176470589]]}